T_Sys (K), T_Sample_Dif_Cool (K), T_Sample_Dif_Warm (K)
23.640000,30.183740,29.625008
23.910430,31.138744,29.356035
24.180861,31.831616,29.093436
24.451291,32.383974,28.833145
24.721722,33.030190,28.577241
24.992152,33.798180,28.326772
25.262583,34.200737,28.072793
25.533013,34.665932,27.820807
25.803443,35.198038,27.573235
26.073874,35.757472,27.327064
26.344304,36.138559,27.079337
26.614735,36.588986,26.834720
26.885165,37.051527,26.592535
27.155596,37.494508,26.350557
27.426026,37.860080,26.110461
27.696456,38.246147,25.871839
27.966887,38.618364,25.636041
28.237317,38.861515,25.397240
28.507748,39.082883,25.158878
28.778178,39.272665,24.923319
29.048609,39.481679,24.690643
29.319039,39.669743,24.458576
29.589469,39.834953,24.229983
29.859900,39.995442,24.003765
30.130330,40.156127,23.780953
30.400761,40.293912,23.560004
30.671191,40.422934,23.343642
30.941622,40.547699,23.128420
31.212052,40.605180,22.909805
31.482482,40.634524,22.688654
31.752913,40.681381,22.472399
32.023343,40.720436,22.256424
32.293774,40.757263,22.043448
32.564204,40.791894,21.831851
32.834635,40.836148,21.624823
33.105065,40.884483,21.419186
33.375495,40.973399,21.215318
33.645926,41.195662,21.016335
33.916356,41.408438,20.818931
34.186787,41.627643,20.627047
34.457217,41.834005,20.434790
34.727648,42.031127,20.245461
34.998078,42.215704,20.057070
35.268509,42.370710,19.872499
35.538939,42.552804,19.695366
35.809369,42.691236,19.516794
36.079800,42.836311,19.333795
36.350230,42.930512,19.150911
36.620661,43.000021,18.967771
36.891091,43.076253,18.787072
37.161522,43.151755,18.607400
37.431952,43.205520,18.428729
37.702382,43.261106,18.256944
37.972813,43.298974,18.082909
38.243243,43.345001,17.913215
38.513674,43.377150,17.741383
38.784104,43.411576,17.577081
39.054535,43.425155,17.411545
39.324965,43.451425,17.248073
39.595395,43.465317,17.087455
39.865826,43.477881,16.928238
40.136256,43.487122,16.773701
40.406687,43.486282,16.620728
40.677117,43.481047,16.467908
40.947548,43.466784,16.315198
41.217978,43.450700,16.172334
41.488408,43.432037,16.024603
41.758839,43.420919,15.886803
42.029269,43.395965,15.743217
42.299700,43.373489,15.605713
42.570130,43.336849,15.469615
42.840561,43.298749,15.337948
43.110991,43.261603,15.202155
43.381421,43.220864,15.078323
43.651852,43.176380,14.950453
43.922282,43.126640,14.826443
44.192713,43.083109,14.704205
44.463143,43.042940,14.585959
44.733574,42.995172,14.473181
45.004004,42.947869,14.362186
45.274434,42.892228,14.248827
45.544865,42.828391,14.138157
45.815295,42.776260,14.031215
46.085726,42.714692,13.925520
46.356156,42.657541,13.823496
46.626587,42.588900,13.718094
46.897017,42.521258,13.616147
47.167447,42.461607,13.515414
47.437878,42.388774,13.416096
47.708308,42.316407,13.317799
47.978739,42.244625,13.220598
48.249169,42.169289,13.119043
48.519600,42.089327,13.029941
48.790030,42.007213,12.929695
49.060460,41.925163,12.836861
49.330891,41.838760,12.745250
49.601321,41.747842,12.653530
49.871752,41.657150,12.564254
50.142182,41.567141,12.471296
50.412613,41.476207,12.384883
50.683043,41.377280,12.294292
50.953473,41.278935,12.208345
51.223904,41.180996,12.117415
51.494334,41.082694,12.031930
51.764765,40.981066,11.941544
52.035195,40.876419,11.851757
52.305626,40.771371,11.769853
52.576056,40.666910,11.688676
52.846486,40.558741,11.601399
53.116917,40.448698,11.514672
53.387347,40.336677,11.435793
53.657778,40.218114,11.350523
53.928208,40.101902,11.265769
54.198639,39.987941,11.181560
54.469069,39.874824,11.105431
54.739499,39.758572,11.016702
55.009930,39.638905,10.938759
55.280360,39.519579,10.853060
55.550791,39.398624,10.766746
55.821221,39.273744,10.686466
56.091652,39.151238,10.601120
56.362082,39.030079,10.516025
56.632513,38.906398,10.431616
56.902943,38.780893,10.347846
57.173373,38.651904,10.264383
57.443804,38.525168,10.179669
57.714234,38.399899,10.092396
57.984665,38.272479,10.010700
58.255095,38.144468,9.924576
58.525526,38.014631,9.838907
58.795956,37.885108,9.753666
59.066386,37.756071,9.673346
59.336817,37.623875,9.591086
59.607247,37.489717,9.500213
59.877678,37.356354,9.420359
60.148108,37.223232,9.338131
60.418539,37.095987,9.269187
60.688969,36.967734,9.189127
60.959399,36.830412,9.112868
61.229830,36.695063,9.035616
61.500260,36.566654,8.964080
61.770691,36.436228,8.898601
62.041121,36.302892,8.819328
62.311552,36.168573,8.746839
62.581982,36.033359,8.668931
62.852412,35.900173,8.594356
63.122843,35.768336,8.511696
63.393273,35.631604,8.442025
63.663704,35.492918,8.366173
63.934134,35.356428,8.290489
64.204565,35.220801,8.221563
64.474995,35.082133,8.141730
64.745425,34.942493,8.061896
65.015856,34.803165,7.988637
65.286286,34.663956,7.911058
65.556717,34.521596,7.838699
65.827147,34.378057,7.764099
66.097578,34.236365,7.684193
66.368008,34.095808,7.610002
66.638438,33.953128,7.532641
66.908869,33.808703,7.458144
67.179299,33.664642,7.376278
67.449730,33.521117,7.301848
67.720160,33.377227,7.221849
67.990591,33.232294,7.147906
68.261021,33.087259,7.063330
68.531451,32.941000,6.990575
68.801882,32.794741,6.913785
69.072312,32.647124,6.831559
69.342743,32.499284,6.750333
69.613173,32.355700,6.669602
69.883604,32.214914,6.594401
70.154034,32.068139,6.507882
70.424464,31.914296,6.429246
70.694895,31.760795,6.347662
70.965325,31.613150,6.267524
71.235756,31.465504,6.187406
71.506186,31.316913,6.105450
71.776617,31.168027,6.022512
72.047047,31.018541,5.939140
72.317477,30.868267,5.856629
72.587908,30.718069,5.775923
72.858338,30.568926,5.690133
73.128769,30.419784,5.602997
73.399199,30.268497,5.522273
73.669630,30.116290,5.440113
73.940060,29.964263,5.351283
74.210490,29.812752,5.266169
74.480921,29.661240,5.178127
74.751351,29.508861,5.090218
75.021782,29.356289,5.007618
75.292212,29.203414,4.916693
75.562643,29.049955,4.832329
75.833073,28.896495,4.744130
76.103504,28.743790,4.649837
76.373934,28.591242,4.561908
76.644364,28.440092,4.473845
76.914795,28.292024,4.383731
77.185225,28.143956,4.294442
77.455656,27.992541,4.206838
77.726086,27.840633,4.135597
77.996517,27.691447,4.054360
78.266947,27.548052,3.974349
78.537377,27.404656,3.896305
78.807808,27.258918,3.817509
79.078238,27.112967,3.737665
79.348669,26.967540,3.654108
79.619099,26.822785,3.568923
79.889530,26.678030,3.489665
80.159960,26.532937,3.411804
80.430390,26.387831,3.327520
80.700821,26.243347,3.249264
80.971251,26.099636,3.171102
81.241682,25.955924,3.085876
81.512112,25.812162,3.006424
81.782543,25.668396,2.916858
82.052973,25.525273,2.840724
82.323403,25.383193,2.764295
82.593834,25.241113,2.674604
82.864264,25.097479,2.594525
83.134695,24.953523,2.509019
83.405125,24.808850,2.425195
83.675556,24.661369,2.345714
83.945986,24.513889,2.265046
84.216416,24.369750,2.179920
84.486847,24.229419,2.094039
84.757277,24.089088,2.014701
85.027708,23.950407,1.928784
85.298138,23.812037,1.842430
85.568569,23.673399,1.756822
85.838999,23.533798,1.673430
86.109429,23.394196,1.590319
86.379860,23.259570,1.501729
86.650290,23.129591,1.418179
86.920721,22.999611,1.327967
87.191151,22.865477,1.248946
87.461582,22.731195,1.162611
87.732012,22.595050,1.069618
88.002442,22.454623,0.991828
88.272873,22.314197,0.907860
88.543303,22.177945,0.817218
88.813734,22.045988,0.730083
89.084164,21.914030,0.643814
89.354595,21.781198,0.558869
89.625025,21.648187,0.475092
89.895455,21.515261,0.391363
90.165886,21.382898,0.301212
90.436316,21.250534,0.217654
90.706747,21.118356,0.133910
90.977177,20.986422,0.047888
91.247608,20.854488,-0.039750
91.518038,20.724504,-0.129978
91.788468,20.595233,-0.213482
92.058899,20.465979,-0.303693
92.329329,20.336938,-0.389243
92.599760,20.207897,-0.474962
92.870190,20.078849,-0.560315
93.140621,19.949794,-0.646635
93.411051,19.820738,-0.733738
93.681481,19.694506,-0.817995
93.951912,19.569241,-0.906392
94.222342,19.444188,-0.995836
94.492773,19.320274,-1.078754
94.763203,19.196360,-1.166295
95.033634,19.077674,-1.250804
95.304064,18.962399,-1.329465
95.574494,18.847856,-1.407093
95.844925,18.736213,-1.484948
96.115355,18.624570,-1.562522
96.385786,18.514442,-1.640371
96.656216,18.404536,-1.717929
96.926647,18.291215,-1.800168
97.197077,18.175414,-1.872188
97.467508,18.061025,-1.949202
97.737938,17.951866,-2.026527
98.008368,17.842707,-2.100231
98.278799,17.737985,-2.180566
98.549229,17.633462,-2.257234
98.819660,17.528290,-2.329865
99.090090,17.422929,-2.408816
99.360521,17.320487,-2.486773
99.630951,17.220042,-2.558833
99.901381,17.119241,-2.635295
100.171812,17.018062,-2.715758
100.442242,16.917703,-2.784569
100.712673,16.818690,-2.860760
100.983103,16.719579,-2.936511
101.253534,16.620245,-3.005817
101.523964,16.521348,-3.087777
101.794394,16.423861,-3.163386
102.064825,16.326267,-3.231660
102.335255,16.228255,-3.311349
102.605686,16.130718,-3.389010
102.876116,16.035516,-3.456856
103.146547,15.939125,-3.531543
103.416977,15.837017,-3.606199
103.687407,15.735799,-3.680760
103.957838,15.642480,-3.755637
104.228268,15.550598,-3.822447
104.498699,15.467435,-3.895017
104.769129,15.379165,-3.969098
105.039560,15.278551,-4.038611
105.309990,15.181266,-4.117350
105.580420,15.093516,-4.191257
105.850851,15.005642,-4.259447
106.121281,14.917560,-4.334063
106.391712,14.829626,-4.411092
106.662142,14.741849,-4.477753
106.932573,14.653742,-4.550713
107.203003,14.565416,-4.616317
107.473433,14.476610,-4.689244
107.743864,14.387613,-4.759321
108.014294,14.301909,-4.834035
108.284725,14.216883,-4.899576
108.555155,14.131961,-4.972788
108.825586,14.047107,-5.043123
109.096016,13.962681,-5.107701
109.366446,13.878344,-5.179511
109.636877,13.794229,-5.238620
109.907307,13.710203,-5.304697
110.177738,13.626293,-5.372276
110.448168,13.540543,-5.436707
110.718599,13.453488,-5.507238
110.989029,13.374830,-5.570765
111.259459,13.299788,-5.633063
111.529890,13.218177,-5.697225
111.800320,13.137021,-5.760488
112.070751,13.068095,-5.820862
112.341181,12.996670,-5.879723
112.611612,12.920333,-5.943166
112.882042,12.846870,-6.007699
113.152472,12.776006,-6.064494
113.422903,12.705622,-6.121336
113.693333,12.635398,-6.178516
113.963764,12.569418,-6.242404
114.234194,12.502505,-6.303508
114.504625,12.432251,-6.363017
114.775055,12.365643,-6.419347
115.045485,12.303272,-6.475658
115.315916,12.247531,-6.531540
115.586346,12.193847,-6.571701
115.856777,12.140037,-6.627795
116.127207,12.081022,-6.672373
116.397638,12.016954,-6.723346
116.668068,11.960224,-6.770715
116.938498,11.905183,-6.817920
117.208929,11.849802,-6.872776
117.479359,11.796726,-6.919927
117.749790,11.745519,-6.966542
118.020220,11.689145,-7.016332
118.290651,11.635971,-7.066553
118.561081,11.589548,-7.114504
118.831512,11.530744,-7.161954
119.101942,11.469648,-7.208777
119.372372,11.417185,-7.258235
119.642803,11.367263,-7.310202
119.913233,11.319613,-7.353981
120.183664,11.272019,-7.410309
120.454094,11.224450,-7.457992
120.724525,11.176913,-7.504211
120.994955,11.128942,-7.552470
121.265385,11.077831,-7.596465
121.535816,11.020056,-7.646622
121.806246,10.969290,-7.693281
122.076677,10.923261,-7.739908
122.347107,10.887240,-7.794877
122.617538,10.844244,-7.840465
122.887968,10.798240,-7.885725
123.158398,10.757810,-7.930844
123.428829,10.718070,-7.980593
123.699259,10.678870,-8.020874
123.969690,10.640381,-8.072792
124.240120,10.602669,-8.118278
124.510551,10.565893,-8.162485
124.780981,10.536846,-8.215824
125.051411,10.504599,-8.261078
125.321842,10.469608,-8.302713
125.592272,10.429640,-8.351473
125.862703,10.392530,-8.396556
126.133133,10.358385,-8.441206
126.403564,10.319244,-8.486298
126.673994,10.277599,-8.533196
126.944424,10.232697,-8.579354
127.214855,10.183534,-8.620743
127.485285,10.133562,-8.673236
127.755716,10.083803,-8.716150
128.026146,10.034477,-8.753585
128.296577,9.985469,-8.797504
128.567007,9.937255,-8.842551
128.837437,9.886252,-8.887446
129.107868,9.829324,-8.936848
129.378298,9.781987,-8.977277
129.648729,9.740361,-9.016335
129.919159,9.695519,-9.066943
130.189590,9.651270,-9.103210
130.460020,9.607893,-9.147401
130.730450,9.570194,-9.183969
131.000881,9.532611,-9.226530
131.271311,9.488543,-9.270280
131.541742,9.448512,-9.318541
131.812172,9.412143,-9.354827
132.082603,9.383099,-9.391095
132.353033,9.355710,-9.436086
132.623463,9.330158,-9.473595
132.893894,9.297805,-9.517648
133.164324,9.263662,-9.560963
133.434755,9.245505,-9.598601
133.705185,9.221822,-9.643137
133.975616,9.192611,-9.679381
134.246046,9.158335,-9.719453
134.516476,9.124461,-9.762919
134.786907,9.094903,-9.804888
135.057337,9.068706,-9.840588
135.327768,9.044925,-9.877056
135.598198,9.020765,-9.912142
135.868629,8.996774,-9.956492
136.139059,8.973041,-10.000360
136.409489,8.949315,-10.034344
136.679920,8.925601,-10.069411
136.950350,8.901919,-10.109267
137.220781,8.878375,-10.155306
137.491211,8.854909,-10.187018
137.761642,8.831358,-10.228827
138.032072,8.807690,-10.264245
138.302503,8.783878,-10.307782
138.572933,8.750819,-10.335156
138.843363,8.719596,-10.378154
139.113794,8.701895,-10.413064
139.384224,8.680761,-10.456410
139.654655,8.658067,-10.482396
139.925085,8.641245,-10.525549
140.195516,8.627237,-10.559939
140.465946,8.616030,-10.585511
140.736376,8.593645,-10.616493
141.006807,8.575754,-10.651006
141.277237,8.565009,-10.670462
141.547668,8.554486,-10.702596
141.818098,8.544011,-10.728408
142.088529,8.533569,-10.754712
142.358959,8.512601,-10.775247
142.629389,8.491170,-10.808100
142.899820,8.473926,-10.834958
143.170250,8.461121,-10.852918
143.440681,8.450163,-10.880438
143.711111,8.439102,-10.908262
143.981542,8.428071,-10.927235
144.251972,8.414295,-10.955717
144.522402,8.385498,-10.975230
144.792833,8.366042,-10.994634
145.063263,8.354855,-11.024198
145.333694,8.337408,-11.044791
145.604124,8.322659,-11.072392
145.874555,8.311090,-11.086938
146.144985,8.305539,-11.108479
146.415415,8.297530,-11.139237
146.685846,8.286258,-11.150939
146.956276,8.258465,-11.172829
147.226707,8.235452,-11.197235
147.497137,8.224498,-11.215092
147.767568,8.213279,-11.234448
148.037998,8.202151,-11.249022
148.308428,8.191405,-11.274889
148.578859,8.180763,-11.296264
148.849289,8.170097,-11.311217
149.119720,8.159274,-11.327670
149.390150,8.153492,-11.350851
149.660581,8.147635,-11.375261
149.931011,8.136554,-11.390778
150.201441,8.116457,-11.406257
150.471872,8.096242,-11.424431
150.742302,8.092236,-11.439291
151.012733,8.083515,-11.463830
151.283163,8.072580,-11.471767
151.553594,8.061905,-11.494535
151.824024,8.043317,-11.506298
152.094454,8.020978,-11.516818
152.364885,8.009838,-11.541618
152.635315,7.995455,-11.550080
152.905746,7.978282,-11.560306
153.176176,7.966987,-11.583781
153.446607,7.953063,-11.591738
153.717037,7.936044,-11.608637
153.987467,7.924247,-11.617977
154.257898,7.906024,-11.626480
154.528328,7.877390,-11.649831
154.798759,7.857666,-11.653565
155.069189,7.841957,-11.662801
155.339620,7.831186,-11.675146
155.610050,7.815659,-11.691407
155.880480,7.798160,-11.693075
156.150911,7.780876,-11.702167
156.421341,7.767731,-11.720955
156.691772,7.756845,-11.725686
156.962202,7.739780,-11.741860
157.232633,7.719610,-11.743367
157.503063,7.696658,-11.754470
157.773493,7.679219,-11.765544
158.043924,7.662210,-11.776045
158.314354,7.645301,-11.779725
158.584785,7.633282,-11.786862
158.855215,7.620366,-11.794296
159.125646,7.603340,-11.805088
159.396076,7.586594,-11.808162
159.666507,7.569799,-11.814974
159.936937,7.552493,-11.825446
160.207367,7.539523,-11.829792
160.477798,7.526369,-11.834274
160.748228,7.498083,-11.839090
161.018659,7.475668,-11.844416
161.289089,7.458832,-11.849952
161.559520,7.447723,-11.846750
161.829950,7.434240,-11.858151
162.100380,7.417476,-11.867964
162.370811,7.400775,-11.874363
162.641241,7.384151,-11.872063
162.911672,7.367664,-11.879476
163.182102,7.356069,-11.877770
163.452533,7.341008,-11.886318
163.722963,7.312818,-11.886276
163.993393,7.296287,-11.892314
164.263824,7.285493,-11.895369
164.534254,7.269183,-11.895209
164.804685,7.252645,-11.902637
165.075115,7.236190,-11.900336
165.345546,7.232933,-11.902137
165.615976,7.222600,-11.896972
165.886406,7.206235,-11.892757
166.156837,7.196139,-11.886203
166.427267,7.189442,-11.880336
166.697698,7.186476,-11.876830
166.968128,7.176533,-11.877865
167.238559,7.163609,-11.868716
167.508989,7.147459,-11.870423
167.779419,7.143492,-11.862215
168.049850,7.137563,-11.854730
168.320280,7.127881,-11.847569
168.590711,7.124702,-11.846144
168.861141,7.113695,-11.845310
169.131572,7.092411,-11.839897
169.402002,7.087061,-11.834146
169.672432,7.081906,-11.823657
169.942863,7.072742,-11.817303
170.213293,7.069799,-11.815660
170.483724,7.062823,-11.806954
170.754154,7.047774,-11.799314
171.024585,7.038124,-11.797446
171.295015,7.031787,-11.786622
171.565445,7.030270,-11.785750
171.835876,7.017849,-11.771631
172.106306,7.006876,-11.775954
172.376737,7.005059,-11.766649
172.647167,7.003194,-11.765602
172.917598,6.995343,-11.758358
173.188028,6.975023,-11.745486
173.458458,6.963703,-11.742178
173.728889,6.957230,-11.735173
173.999319,6.956449,-11.724789
174.269750,6.950470,-11.722438
174.540180,6.941453,-11.716708
174.810611,6.928250,-11.708747
175.081041,6.914551,-11.697781
175.351471,6.901340,-11.690795
175.621902,6.893694,-11.688446
175.892332,6.886404,-11.679763
176.162763,6.879897,-11.670875
176.433193,6.879350,-11.662782
176.703624,6.867615,-11.654571
176.974054,6.848760,-11.649791
177.244484,6.842027,-11.641829
177.514915,6.832311,-11.633550
177.785345,6.819598,-11.621616
178.055776,6.812929,-11.608889
178.326206,6.806602,-11.603730
178.596637,6.800269,-11.597176
178.867067,6.782883,-11.587228
179.137497,6.768507,-11.583043
179.407928,6.762609,-11.573390
179.678358,6.756430,-11.561884
179.948789,6.750354,-11.548547
180.219219,6.744696,-11.540256
180.489650,6.738756,-11.530587
180.760080,6.728099,-11.521118
181.030511,6.704190,-11.502293
181.300941,6.691977,-11.490620
181.571371,6.685810,-11.485110
181.841802,6.673860,-11.468982
182.112232,6.665607,-11.462667
182.382663,6.659939,-11.450063
182.653093,6.648472,-11.436315
182.923524,6.640137,-11.428059
183.193954,6.635013,-11.421606
183.464384,6.612242,-11.409919
183.734815,6.593423,-11.399655
184.005245,6.582671,-11.390634
184.275676,6.576994,-11.381745
184.546106,6.570885,-11.374011
184.816537,6.560387,-11.366876
185.086967,6.554380,-11.360429
185.357397,6.548834,-11.354481
185.627828,6.538780,-11.338157
185.898258,6.520753,-11.333090
186.168689,6.498988,-11.321258
186.439119,6.488801,-11.314533
186.709550,6.478755,-11.300748
186.979980,6.468861,-11.289883
187.250410,6.459161,-11.285937
187.520841,6.449585,-11.266318
187.791271,6.440191,-11.263524
188.061702,6.420991,-11.253634
188.332132,6.402005,-11.233717
188.602563,6.392948,-11.235120
188.872993,6.387982,-11.216288
189.143423,6.383843,-11.201863
189.413854,6.369218,-11.198661
189.684284,6.361159,-11.185046
189.954715,6.358728,-11.169420
190.225145,6.349847,-11.164385
190.495576,6.335770,-11.150057
190.766006,6.315697,-11.136147
191.036436,6.305420,-11.123322
191.306867,6.297109,-11.121018
191.577297,6.288958,-11.098751
191.847728,6.280800,-11.087458
192.118158,6.272647,-11.076359
192.388589,6.264525,-11.066350
192.659019,6.256306,-11.050783
192.929449,6.248051,-11.038091
193.199880,6.240097,-11.019575
193.470310,6.229373,-11.010449
193.740741,6.216079,-10.994445
194.011171,6.202494,-10.982182
194.281602,6.191077,-10.974778
194.552032,6.183940,-10.957025
194.822462,6.176900,-10.950938
195.092893,6.169832,-10.927608
195.363323,6.162584,-10.907805
195.633754,6.151776,-10.891614
195.904184,6.140400,-10.866940
196.174615,6.140354,-10.846263
196.445045,6.144416,-10.829524
196.715475,6.149113,-10.806663
196.985906,6.130515,-10.784567
197.256336,6.120827,-10.763885
197.526767,6.121301,-10.738376
197.797197,6.121686,-10.707390
198.067628,6.122104,-10.699643
198.338058,6.122573,-10.674502
198.608488,6.111828,-10.654148
198.878919,6.104230,-10.637272
199.149349,6.105079,-10.619941
199.419780,6.100925,-10.590997
199.690210,6.103018,-10.578909
199.960641,6.126216,-10.542327
200.231071,6.088873,-10.488553
200.501502,6.041528,-10.533280
200.771932,6.049739,-10.495491
201.042362,6.058152,-10.458796
201.312793,6.066733,-10.422976
201.583223,6.075046,-10.388184
201.853654,6.083665,-10.354583
202.124084,6.087539,-10.321680
202.394515,6.040495,-10.371465
202.664945,6.006850,-10.340465
202.935375,6.015600,-10.310659
203.205806,6.024511,-10.281487
203.476236,6.033527,-10.253276
203.746667,6.042684,-10.225959
204.017097,6.052087,-10.200115
204.287528,6.043481,-10.174372
204.557958,5.997117,-10.149767
204.828388,5.977383,-10.125579
205.098819,5.987112,-10.101808
205.369249,5.996888,-10.078473
205.639680,6.006833,-10.056748
205.910110,6.014831,-10.035661
206.180541,5.968653,-10.015080
206.450971,5.933097,-9.995654
206.721401,5.943269,-9.977126
206.991832,5.953554,-9.959120
207.262262,5.963927,-9.942045
207.532693,5.974437,-9.848786
207.803123,5.942684,-9.833352
208.073554,5.896927,-9.818825
208.343984,5.902039,-9.805783
208.614414,5.912767,-9.792774
208.884845,5.923634,-9.780599
209.155275,5.933979,-9.769142
209.425706,5.917089,-9.683042
209.696136,5.868880,-9.673234
209.966567,5.859448,-9.664438
210.236997,5.873668,-9.656405
210.507427,5.884554,-9.573761
210.777858,5.858669,-9.567219
211.048288,5.813644,-9.561486
211.318719,5.814283,-9.482159
211.589149,5.825804,-9.477770
211.859580,5.837499,-9.474244
212.130010,5.849116,-9.397323
212.400440,5.839804,-9.395332
212.670871,5.795094,-9.393910
212.941301,5.779930,-9.320101
213.211732,5.791760,-9.320257
213.482162,5.803425,-9.320533
213.752593,5.783525,-9.250544
214.023023,5.739251,-9.253271
214.293453,5.735205,-9.256719
214.563884,5.747119,-9.107679
214.834314,5.758881,-9.121401
215.104745,5.770987,-9.126943
215.375175,5.767720,-9.061384
215.645606,5.724243,-9.068048
215.916036,5.704759,-9.003908
216.186466,5.717201,-9.011634
216.456897,5.730265,-8.949376
216.727327,5.716488,-8.958410
216.997758,5.672510,-8.897964
217.268188,5.663866,-8.907983
217.538619,5.676702,-8.848378
217.809049,5.689535,-8.789878
218.079479,5.664887,-8.801563
218.349910,5.621247,-8.744128
218.620340,5.624395,-8.687391
218.890771,5.637971,-8.701027
219.161201,5.651135,-8.646047
219.431632,5.616043,-8.592043
219.702062,5.573299,-8.538354
219.972492,5.586519,-8.554460
220.242923,5.600093,-8.502314
220.513353,5.611168,-8.450668
220.783784,5.568065,-8.467602
221.054214,5.536376,-8.417635
221.324645,5.550209,-8.368026
221.595075,5.523026,-8.318398
221.865506,5.479998,-8.269733
222.135936,5.486254,-8.221188
222.406366,5.500013,-8.172123
222.676797,5.514232,-8.192383
222.947227,5.476240,-8.145486
223.217658,5.437065,-8.098868
223.488088,5.451119,-8.052749
223.758519,5.464885,-8.006721
224.028949,5.472420,-7.961182
224.299379,5.429682,-7.915066
224.569810,5.401595,-7.869391
224.840240,5.415611,-7.823379
225.110671,5.385604,-7.776914
225.381101,5.343108,-7.730771
225.651532,5.353044,-7.684206
225.921962,5.367160,-7.569816
226.192392,5.381570,-7.590216
226.462823,5.340653,-7.542406
226.733253,5.305111,-7.426535
227.003684,5.319328,-7.377358
227.274114,5.296917,-7.327652
227.544545,5.254246,-7.276915
227.814975,5.256537,-7.157214
228.085405,5.270625,-7.173448
228.355836,5.285140,-7.050155
228.626266,5.251591,-6.925015
228.896697,5.208660,-6.937496
229.167127,5.222394,-6.808882
229.437558,5.236612,-6.748480
229.707988,5.248941,-6.615942
229.978418,5.206064,-6.553608
230.248849,5.173581,-6.419371
230.519279,5.188240,-6.353704
230.789710,5.162902,-6.284935
231.060140,5.120544,-6.141072
231.330571,5.126568,-5.999946
231.601001,5.140973,-5.969426
231.871431,5.155406,-6.081216
232.141862,5.169604,-6.240604
232.412292,5.160324,-6.349903
232.682723,5.118019,-6.448313
232.953153,5.107928,-6.486781
233.223584,5.117513,-6.565650
233.494014,5.074831,-6.584562
233.764444,5.045657,-6.597076
234.034875,5.059662,-6.604950
234.305305,5.073649,-6.609895
234.575736,5.087748,-6.613066
234.846166,5.102148,-6.557464
235.116597,5.070606,-6.559143
235.387027,5.027646,-6.560916
235.657457,5.038817,-6.506088
235.927888,5.025835,-6.451391
236.198318,4.982892,-6.454393
236.468749,4.975819,-6.457252
236.739179,4.990290,-6.406008
237.009610,5.004346,-6.355900
237.280040,4.980566,-6.362313
237.550470,4.937792,-6.314224
237.820901,4.941164,-6.267186
238.091331,4.955135,-6.276859
238.361762,4.969598,-6.232022
238.632192,4.934524,-6.188099
238.902623,4.891844,-6.145730
239.173053,4.905509,-6.158914
239.443483,4.919054,-6.062936
239.713914,4.929583,-6.022792
239.984344,4.886457,-6.036944
240.254775,4.854871,-5.997579
240.525205,4.868714,-5.957830
240.795636,4.882460,-5.973402
241.066066,4.882253,-5.881543
241.336496,4.839005,-5.843808
241.606927,4.818089,-5.807629
241.877357,4.831324,-5.825414
242.147788,4.792903,-5.736833
242.418218,4.753552,-5.702163
242.688649,4.766690,-5.721378
242.959079,4.779962,-5.687670
243.229510,4.787139,-5.601856
243.499940,4.743786,-5.622921
243.770370,4.715041,-5.591602
244.040801,4.727825,-5.509078
244.311231,4.696423,-5.479390
244.581662,4.652638,-5.502914
244.852092,4.661476,-5.421840
245.122523,4.674071,-5.392723
245.392953,4.686580,-5.415358
245.663383,4.644092,-5.329477
245.933814,4.607199,-5.238199
246.204244,4.619748,-5.189512
246.474675,4.632421,-5.131626
246.745105,4.635652,-5.017502
247.015536,4.591376,-4.906719
247.285966,4.565039,-4.912962
247.556396,4.577200,-4.809377
247.826827,4.541988,-4.763286
248.097257,4.497671,-4.721914
248.367688,4.509312,-4.681292
248.638118,4.521448,-4.587870
248.908549,4.531714,-4.549297
249.178979,4.487015,-4.514735
249.449409,4.452507,-4.481744
249.719840,4.463591,-4.397202
249.990270,4.435354,-4.419230
250.260701,4.390553,-4.338097
250.531131,4.393543,-4.258618
250.801562,4.404601,-4.231368
251.071992,4.415562,-4.208847
251.342422,4.376042,-4.186549
251.612853,4.333373,-4.114046
251.883283,4.344457,-4.094206
252.153714,4.323290,-4.026793
252.424144,4.277634,-3.960407
252.694575,4.272314,-3.995811
252.965005,4.282702,-3.821167
253.235435,4.293039,-3.712756
253.505866,4.260523,-3.630255
253.776296,4.214567,-3.675407
254.046727,4.219174,-3.627615
254.317157,4.204729,-3.573604
254.587588,4.159005,-3.607219
254.858018,4.145414,-3.550043
255.128448,4.154663,-3.497643
255.398879,4.163745,-3.494693
255.669309,4.138148,-3.440869
255.939740,4.091840,-3.403211
256.210170,4.088433,-3.348483
256.480601,4.080622,-3.337404
256.751031,4.033469,-3.297964
257.021461,4.011124,-3.267805
257.291892,4.019205,-3.290622
257.562322,4.027330,-3.263999
257.832753,4.008117,-3.237173
258.103183,3.960548,-3.150238
258.373614,3.948480,-3.138007
258.644044,3.947140,-3.107180
258.914474,3.899193,-3.034076
259.184905,3.868413,-3.048953
259.455335,3.875145,-3.021290
259.725766,3.882015,-2.942907
259.996196,3.869126,-2.970774
260.266627,3.820398,-2.913112
260.537057,3.799351,-2.853150
260.807487,3.803703,-2.859854
261.077918,3.754162,-2.904674
261.348348,3.714430,-2.863027
261.618779,3.719753,-2.819052
261.889209,3.686300,-2.815222
262.159640,3.636201,-2.771950
262.430070,3.632536,-2.729732
262.700501,3.637056,-2.649970
262.970931,3.641643,-2.692483
263.241361,3.596480,-2.616762
263.511792,3.547666,-2.584087
263.782222,3.550205,-2.592498
264.052653,3.553351,-2.525048
264.323083,3.551997,-2.498633
264.593514,3.497421,-2.512841
264.863944,3.456794,-2.452047
265.134374,3.461210,-2.395369
265.404805,3.463725,-2.341015
265.675235,3.450155,-2.363727
265.945666,3.396435,-2.314355
266.216096,3.365905,-2.267904
266.486527,3.366202,-2.295911
266.756957,3.314632,-2.254750
267.027387,3.265767,-2.180342
267.297818,3.265038,-2.214981
267.568248,3.263823,-2.181613
267.838679,3.262159,-2.116208
268.109109,3.259573,-2.055436
268.379540,3.221295,-2.097920
268.649970,3.164947,-2.042321
268.920400,3.151699,-1.989807
269.190831,3.130099,-2.006843
269.461261,3.072637,-1.960758
269.731692,3.037116,-1.917920
270.002122,3.024813,-1.877913
270.272553,3.025802,-1.904902
270.542983,3.023026,-1.840466
270.813413,3.014242,-1.779850
271.083844,2.954679,-1.814879
271.354274,2.905456,-1.760756
271.624705,2.897412,-1.710945
271.895135,2.889031,-1.752593
272.165566,2.880315,-1.706163
272.435996,2.870963,-1.641516
272.706426,2.820897,-1.606003
272.976857,2.758208,-1.631036
273.247287,2.742109,-1.575580
273.517718,2.730031,-1.523832
273.788148,2.717513,-1.557015
274.058579,2.655234,-1.513073
274.329009,2.596046,-1.445934
274.599439,2.581574,-1.487766
274.869870,2.566411,-1.453744
275.140300,2.550655,-1.398019
275.410731,2.533855,-1.346088
275.681161,2.516444,-1.373207
275.951592,2.498451,-1.352558
276.222022,2.479265,-1.286458
276.492452,2.459196,-1.320378
276.762883,2.438484,-1.285109
277.033313,2.416826,-1.230312
277.303744,2.394320,-1.180279
277.574174,2.371036,-1.226115
277.844605,2.346427,-1.183901
278.115035,2.321112,-1.124492
278.385465,2.279733,-1.180326
278.655896,2.203983,-1.129280
278.926326,2.187716,-1.084163
279.196757,2.210101,-1.128213
279.467187,2.180067,-1.071687
279.737618,2.148650,-1.040294
280.008048,2.116393,-0.995663
280.278478,2.083159,-1.015295
280.548909,2.048169,-0.960836
280.819339,2.046697,-0.913146
281.089770,2.061499,-0.946045
281.360200,2.023267,-0.909225
281.630631,1.982648,-0.860947
281.901061,1.969348,-0.801997
282.171491,1.981858,-0.852845
282.441922,1.936860,-0.788882
282.712352,1.890434,-0.733297
282.982783,1.865424,-0.781606
283.253213,1.874956,-0.722657
283.523644,1.823716,-0.671852
283.794074,1.822493,-0.719552
284.064505,1.795692,-0.669204
284.334935,1.748521,-0.613038
284.605365,1.759025,-0.566409
284.875796,1.697896,-0.609143
285.146226,1.672619,-0.563712
285.416657,1.676247,-0.501279
285.687087,1.655075,-0.548097
285.957518,1.585988,-0.502507
286.227948,1.569894,-0.455028
286.498378,1.561106,-0.499878
286.768809,1.548686,-0.433860
287.039239,1.532506,-0.386873
287.309670,1.512499,-0.327360
287.580100,1.470452,-0.376847
287.850531,1.382365,-0.304691
288.120961,1.339728,-0.260437
288.391391,1.304469,-0.295871
288.661822,1.264763,-0.247266
288.932252,1.275039,-0.184889
289.202683,1.251996,-0.127937
289.473113,1.196778,-0.182345
289.743544,1.135771,-0.112523
290.013974,1.068999,-0.051786
290.284404,1.027758,-0.112081
290.554835,0.990043,-0.064589
290.825265,0.947336,-0.046137
291.095696,0.879196,-0.075014
291.366126,0.831407,-0.029574
291.636557,0.792505,0.015250
291.906987,0.677846,0.059117
292.177417,0.623156,-0.005583
292.447848,0.554734,0.041790
292.718278,0.481360,0.088791
292.988709,0.426300,0.025917
293.259139,0.350156,0.058025
293.529570,0.291051,0.093509
293.800000,0.228885,0.031533
